{"cameraMode":{"drawMode":0,"name":"Shaded","section":"Shading Mode"},"sceneLighting":true,"audioPlay":false,"sceneViewState":{"showFog":true,"showMaterialUpdate":false,"showSkybox":true,"showFlares":true,"showImageEffects":true,"showParticleSystems":true},"in2DMode":false,"pivot":{"x":16.033493041992189,"y":6.069513320922852,"z":-11.911863327026368},"rotation":{"x":0.10396772623062134,"y":-0.8790271282196045,"z":0.4077584147453308,"w":0.22413188219070435},"size":27.470487594604493,"orthographic":false}